[
  {
    "id_key": 1,
    "key": "8J+YqfCfgJPhpoDiha116KiN4bGe4ZuG8J+lgt+H4Lab4qKY8J+OvuKTlfCfmpPhpaLilZXiv5DgqrDguKThg7fjg4TirZDigr7TmeKJkOGBueC6nOOBhtyq4rKZ4quF"
  },
  {
    "id_key": 2,
    "key": "4pGJ44K+44Kc4YKn4bGgZuGlo+C2lvCfgqTVotyq4LqU4Kqa4Y2p4Z6R4puW8J+AnuCkouC8peONjOKQkNGv8J+lgOKLruCtsuKXuuGoiN+L4rqn5Lea4qKF4q2w"
  },
  {
    "id_key": 3,
    "key": "8J2aquKWpuKWguCrqPCfg53fgfCfgKvgqKM18J+XsvCfmZLwn4GX4Zua4pCV4Z6G4KWm4YGT4qyS4qKC4rqN6YaU4pKh446l4oSd8J+cr+GokuKKm+KdhuC7lfCfpJPilbjiqqk="
  },
  {
    "id_key": 4,
    "key": "4par4YuC4K2p4oS5ZeKIhPCfgJXwn5yW3ofckOC8oOKyl+GBt/CTi6nikq3gq6DiorXino3wn4GW446N4pCd8J+MjfCfm6nihobgrrHikYnilIXhsZXkt67imKvhm5jisKM="
  },
  {
    "id_key": 5,
    "key": "4ryC4pCb4Lqr4LmY4oWi4KqQ3pniq4jVtOOPn+GxkPCTgYDhn6fih4TckOC2nOGPuOKarOKcvuKImeGav/CfmKThgZXwn52x4oK644G04aiF8J+OkeGDouS3s+ODp+KWhQ=="
  },
  {
    "id_key": 6,
    "key": "3pDhn6niu4Pgt67ikr3hpZ/imrjguYxi4oaV34Xinbbwn4GG8J+ahOCsqvCfnaPwn4Op4Y2z4qCC4Y+64aiL5qKu4paF8J+ZhfCTjYnikYHivb/wn6WZ4KSQ4YG38J+AoOCynw=="
  },
  {
    "id_key": 7,
    "key": "8J+WrfCdlZ7in53jg57ikYXcnvCfgKHgqqDwn5mw4pSt4pam6YSC4aiIQ+GeoNWh4paP4bWH8J+DsvCfmJbwk4qw4Y+54oKl4pCi8J+kpeK7i+OBr+CvsuC7mOKHhN+C4KyT"
  },
  {
    "id_key": 8,
    "key": "4Y+64YG94piV4Kmn4Z6i8J+Cpt6R8J2TtuCqj/CfgIvihbPinqbjg5fSgeOBvOClruCmq+KEiuGbouKgqeGGrPCfgYt64K+x4rqz4p+t4bGX4r2Y442d8J+cnNyk4Y2v"
  },
  {
    "id_key": 9,
    "key": "4ryE4p+g4K+p4aiP4YK+4Ya/4rql8J+Al+KRiuS3reG1tfCTj4PgrLLwn5yg8J+ChPCfloDhp5HhsZHjg7jwn4Or0JvguZbhpZTgqargqpjgppPikonisZzhgoDiqafwn5mk4pCU"
  },
  {
    "id_key": 10,
    "key": "3pLhm6vwn5iR4qi44Lyh4rGV4rOM4r2O4LaI4LOv4Lqe8J+AkNW94ZqH8J+CqdOW4oqg4YK44oSX4p+r4Ya944yA4peY4Z+l4Y+7MuKGheGNqeKggeGBueGxmeKTnQ=="
  },
  {
    "id_key": 11,
    "key": "8J+DsuKRguKSm/CfgKThmpbgqJDVvmLcoOGDgOGBvuS3heGemui5qvCdlJTirYHgt6bgpKHhp5Lwn6Sa4aiD4LKx4pWW44GM4K214rqV4pqx8J+NsuKfqOGxk+Kpt+Curg=="
  },
  {
    "id_key": 12,
    "key": "4Y264LOr8J+akuGojvCfnIfgp6/gqafivofjjpDhmpXhsaPikIffhuKtiuGCpvCfgZfigrjhj7vwn4Ch4oWA4oq23p3ikYbwn5im1YHwn6S4MOC6ouG1r/CfkYjilZrisZQ="
  },
  {
    "id_key": 13,
    "key": "5Lej4YK6446d4pGJ4YeO8J+Dg+K6kOCqmuGxleOCq+GNsvCfgI7wn5ik4oe84oW45ruQ4pyC4oia4Z+k8J+Zn96K4Y+93KTVqvCfpZnwk4Gd4Zq74aiL4LKQ4ZqX8J+bhuGBtw=="
  },
  {
    "id_key": 14,
    "key": "4KWt4oS54YGT4qu05aG04pCZ4Kqy5Len4L2A8J2ZnuKwruCpruCvuuOMsvCfgZ/ivr3wk4eF4pin4oK634zil4vhmrXhqIvinKfguZHik6Pin6bikYDgppbhtJPiiobhjbs="
  },
  {
    "id_key": 15,
    "key": "4YKp4qqg4oW14oaW4pyz8J+km+CmsOKEpeC8suS3mfCfjbvhhqjhppTgpargtrHin63guYjwnZOJ8J+ZveKXl+CvquCyjuKCr+ODnOK+t+GNqfCThLPhmqHhtYHRuzfwn4KE"
  },
  {
    "id_key": 16,
    "key": "8J+CqeG0g+GNquGegd6W4Y6t4Yaw8J2VpOKXleOMm+WIhuKVveKQluCzq+Ksotyg4K228J+biuKZmuKCtdW34qqQ4pKO8JODofCfl7PisZnin6PinK7fqPCfmZHjg7NB"
  },
  {
    "id_key": 17,
    "key": "4KWp4p+M8J+anuOMt+CyouK6sOKWhOGMpvCfnITinJTgqa3jgYjgr6vhg6vkt4vwn4CH8J2Rtt6c4pGI4oKv4YG64pOL56uE1bjcq+G0tuK8veCsq+KFiuKzm+GlmOGaoQ=="
  },
  {
    "id_key": 18,
    "key": "4peX8J+Dp+GlseKYl+GaveK6uvCTkKDwn52l4LKF4KWs8J+ZveGxnuKTm/Cfl6PhtLPisK3jgpLQu+KUgOKFnuGaieGBtuGCruC8oeK+jeGekeODt+S4lOS3udyc4qOB4K+p"
  },
  {
    "id_key": 19,
    "key": "4Kyt4oW25LeN4rGB4L2J4ruQ3pThtLbhgrngp67fiNG74aiG4omm8J+Am+Czq+GPvNyh8J+ZkPCdnoHgtpDihpDgr6vihYPinYXikYjwk4yT8J+DhOKXmdWr8J+mgeOBsQ=="
  },
  {
    "id_key": 20,
    "key": "4rGJ4r2/4pac3obikYbgrbPhg5nwn4CZ4K+s4LiV4bGz3JLwn4Ok34jwn5mm4LeB4Kun4oWs4ouK0qrwn4GJ4Yax4oK28J+ZhuGBk+KhtOKovuKXtOGokOClr/Cdn6/inZ4="
  },
  {
    "id_key": 21,
    "key": "5Let8J+DleC5lOGCtuGnleKEvuW3ouG1ueCkk+KCpOCnq+ONgfCdk6rgqZviirHgs67wn5Sv4p+K8J+AmOK9g/CfpKPgrpPhn6Pilpfgrbfhpavjgqbwn5iI8J+autWT4LylTQ=="
  },
  {
    "id_key": 22,
    "key": "4K6F4qC54pCW4q2S446o4pyT4Yez4aWT8J+Asee2uPCfgJXhgqPwn5mj4rq24rKo4Y+q4YGU4pGI4peD4Kq344Gl4LiV3oriipPgrbfilpvwn6WD4oSy0LjivLDin5PhjbA="
  },
  {
    "id_key": 23,
    "key": "4Kev4Les4pm644Gf4rC78J+AvvCfgI/iu6o24pWx4q2I4LiI4KWr4par4KmZ1Lfwn4Oh4L2c4Kun4rKg4p2V34Xhp4fihoDgsorwk46x4Ya14YG444+t4r2K4bGx4bWk"
  },
  {
    "id_key": 24,
    "key": "4r6H4ZqE0Izhh7jioKbirZjin5XikqfhgbXfpeKHs/CfpZnhgrfjj7Dwk4+q4rq+4ZuD546t4pyw4Z+i4rKq4Kuu4pWF4aiP4oW844K/4aaC4paB4oKh4Kms5Let4bWV"
  },
  {
    "id_key": 25,
    "key": "4rCR4LaS4oWZ4p2y4p+Q4ouf4ZqX4pae4pq48J+OvfCfgKnorK3wnZKT4aWn4Keq4pKD44GZ4r6I8JOPlVLikJvwn5yc4qi/4qGl4Y254KiU4Ya91ZTwn4Gz4LmP8J+ZgOC6nw=="
  },
  {
    "id_key": 26,
    "key": "1YThtZrwn5uy4KyP4rqe4KWp4pCU4YG28J+Zs96A8J+Bs+GCpPCTiZfih6LfgOGngeKwp/Cfg6rwn5eY4pai4La34pyj4Z6A4q2v5byG8J+ct+Cnq+Gog+GlsOGbgeGal+GxkQ=="
  },
  {
    "id_key": 27,
    "key": "4oeH4pCD4rC94K2r4q2p4r2C4LKk4ruK8J2QhOGlluGoguGCs+OBi+CqkOKVkeCprzfioY3gr7Lop6figq7is4Lwn5yV4Kem4Yew8J+ZrOKeh/CfjKngt6vwn5iz8J+AjeKRhA=="
  },
  {
    "id_key": 28,
    "key": "34XioqPikInhhr3ikpzVhvCfgILinbjwn4Ks4YGU4aah4aWt4quJ4Y284K6U4Keo4LmT4rqD4oK64LuQ3qXgs6rihYDhj6Tkt4nimobgrJ/jj4zjg5nhqIDwn4y04Z6D"
  }
]